premiered their Worth It music video at,
Is playing the Stellar Gospel Music Awards,
On this weeks purrfect edition of the we recap YouTubes Music Awards and with cats,
Nick Jonas Fifth Harmony One Direction Win Big at Kids Choice Awards Stars,
SMCEntertainment Nick Jonas Fifth Harmony One Direction Win Big at Kids Choice,
Zendaya Confirmed to Host 2015 Radio Disney Music Awards via,
Milestone Award 2014 Billboard Music Awards,
Michael Jackson Slave To The Rhythm Live at Billboard Music Awards 2014 via,
Nick Jonas Fifth Harmony One Direction Win Big at Kids Choice Awards Stars and slime were in abundance at,
Nick Jonas Fifth Harmony One Direction Win Big at Kids Choice Awards Stars and slime were in abundance at,
Nick Jonas Fifth Harmony One Direction Win Big at Kids Choice Awards Stars and slime were in abundance at,
Nick Jonas Fifth Harmony One Direction Win Big at Kids Choice Awards Stars and slime were in abundance at,
Nick Jonas Fifth Harmony One Direction Win Big at Kids Choice Awards Stars and slime were in abundance at,
Nick Jonas Fifth Harmony One Direction Win Big at Kids Choice Awards Stars and slime were in abunda,
Nick Jonas Fifth Harmony One Direction Win Big at Kids Choice Awards,
